favorite_count,retweet_count,tweet_id
37985,8302,892420643555336193
32615,6132,892177421306343426
24553,4058,891815181378084864
41324,8434,891689557279858688
39503,9147,891327558926688256
19848,3039,891087950875897856
11598,2015,890971913173991426
64077,18411,890729181411237888
27259,4177,890609185150312448
31277,7202,890240255349198849
30069,7160,890006608113172480
27265,4860,889880896479866881
47168,9801,889665388333682689
26618,4420,889638837579907072
14816,2194,889531135344209921
24754,5244,889278841981685760
28542,4397,888917238123831296
25060,4184,888804989199671297
19437,3463,888554962724278272
21328,3409,888078434458587136
29583,5267,887705289381826560
45369,11411,887517139158093824
67668,17745,887473957103951883
33019,10163,887343217045368832
29979,5823,887101392804085760
34454,7591,886983233522544640
11825,3205,886736880519319552
22000,4357,886680336477933568
20784,3126,886366144734445568
116,4,886267009285017600
27454,6140,886258384151887873
0,105,886054160059072513
32012,6616,885984800019947520
35283,6280,885528943205470208
20029,3673,885518971528720385
0,18131,885311592912609280
21493,4284,885167619883638784
75847,17839,884925521741709313
27378,5478,884876753390489601
23821,4583,884562892145688576
26473,5528,884441805382717440
71587,20040,884247878851493888
19952,2920,884162670584377345
21481,3373,883838122936631299
45030,9705,883482846933004288
22252,3618,883360690899218434
36442,6516,883117836046086144
23489,3836,882992080364220416
27750,4800,882762694511734784
27396,5941,882627270321602560
44065,11337,882268110199369728
28792,4856,882045870035918850
23841,3316,881906580714921986
49611,10435,881666595344535552
124,7,881633300179243008
48473,15602,881536004380872706
22646,5066,881268444196462592
16694,2724,880935762899988482
20858,3738,880872448815771648
27979,6140,880465832366813184
26524,4122,880221127280381952
27098,4258,880095782870896641
21914,3421,879862464715927552
304,10,879674319642796034
22979,3111,879492040517615616
103841,43299,879415818425184262
16473,3049,879376492567855104
0,6684,879130579576475649
22115,4618,879050749262655488
18620,2641,879008229531029506
19037,4047,878776093423087618
29689,7058,878604707211726852
0,1264,878404777348136964
0,6522,878316110768087041
7596,1264,878281511006478336
41250,6684,878057613040115712
78211,18707,877736472329191424
0,79,877611172832227328
22315,3734,877556246731214848
26887,5085,877316821321428993
26635,5476,877201837425926144
20326,3273,876838120628539392
23099,4557,876537666061221889
18427,2355,876484053909872640
27424,4599,876120275196170240
24757,4214,875747767867523072
21554,4842,875144289856114688
26940,5949,875097192612077568
25031,4640,875021211251597312
27348,4559,874680097055178752
0,14470,874434818259525634
25619,4035,874296783580663808
22297,3897,874057562936811520
34007,10242,874012996292530176
23815,3883,873580283840344065
0,1564,873337748698140672
7118,1564,873213775632977920
26921,5340,872967104147763200
14495,3641,872820683541237760
20488,3642,872620804844003328
40079,8917,872486979161796608
33713,6248,872261713294495745
33929,8031,872122724285648897
37414,11037,871879754684805121
19999,3442,871762521631449091
19942,3423,871515927908634625
0,5649,871166179821445120
20666,5460,871102520638267392
22400,3783,871032628920680449
33227,6156,870804317367881728
119,3,870726314365509632
12272,2625,870656317836468226
81816,26037,870374049280663552
21600,4127,870308999962521604
36278,8302,870063196459192321
41996,9975,869772420881756160
27969,6316,869702957897576449
15830,3124,869596645499047938
20273,3770,869227993411051520
65075,14430,868880397819494401
0,2096,868639477480148993
26542,5285,868622495443632128
10054,2096,868552278524837888
24030,4175,867900495410671616
33751,7336,867774946302451713
16019,2505,867421006826221569
0,121,867072653475098625
32065,7872,867051520902168576
19979,4819,866720684873056260
19241,3487,866686824827068416
121769,35362,866450705531457537
52357,14470,866334964761202691
0,8393,866094527597207552
25553,5638,865718153858494464
26399,5024,865359393868664832
27931,7721,865006731092295680
32238,8742,864873206498414592
14605,3050,864279568663928832
30125,8988,864197398364647424
20609,4169,863907417377173506
15304,4211,863553081350529029
0,2468,863471782782697472
23830,5292,863432100342583297
2269,97,863427515083354112
8775,1113,863079547188785154
8533,2468,863062471531167744
19187,5143,862831371563274240
17082,3556,862722525377298433
20575,5006,862457590147678208
74642,23537,862096992088072192
36194,10832,861383897657036800
17255,4203,861288531465048066
16765,3840,861005113778896900
0,2185,860981674716409858
0,835,860924035999428608
7544,2185,860563773140209665
23740,5356,860524505164394496
18384,3520,860276583193509888
16763,5933,860184849394610176
0,31337,860177593139703809
19649,4151,859924526012018688
15499,3564,859851578198683649
18709,1602,859607811541651456
90446,30710,859196978902773760
34093,13857,859074603037188101
0,8300,858860390427611136
15652,3542,858843525470990336
21680,4935,858471635011153920
15860,2968,858107933456039936
16277,2636,857989990357356544
34596,10862,857746408056729600
5967,1685,857393404942143489
20220,4619,857263160327368704
230,18,857214891891077121
0,176,857062103051644929
19145,4105,857029823797047296
0,10946,856602993587888130
16452,2952,856543823941562368
11989,1933,856526610513747968
0,699,856330835276025856
526,17,856288084350160898
28093,6493,856282028240666624
348,28,855862651834028034
5110,1057,855860136149123072
12010,2170,855857698524602368
46088,18222,855851453814013952
27005,5592,855818117272018944
30384,8454,855459453768019968
0,6167,855245323840757760
0,47,855138241867124737
23230,6308,854732716440526848
29826,7097,854482394044301312
19249,4854,854365224396361728
32570,7743,854120357044912130
16519,3266,854010172552949760
29167,5998,853760880890318849
35580,10530,853639147608842240
15869,3709,853299958564483072
0,2087,852936405516943360
9268,1912,852912242202992640
15270,2246,852672615818899456
16749,3658,852553447878664193
33923,10293,852311364735569921
20498,7088,852226086759018497
11756,1657,852189679701164033
0,10042,851953902622658560
0,23,851861385021730816
16631,3622,851591660324737024
24907,7403,851464819735769094
21253,5975,851224888060895234
31868,9698,850753642995093505
13434,2740,850380195714523136
3536,350,850333567704068097
16811,4014,850145622816686080
21056,5128,850019790995546112
31380,7975,849776966551130114
0,5198,849668094696017920
16365,3297,849412302885593088
11780,1985,849336543269576704
43801,8942,849051919805034497
26013,4537,848690551926992896
25556,4829,848324959059550208
8439,782,848213670039564288
16858,3227,848212111729840128
0,3430,847978865427394560
0,449,847971574464610304
24304,5373,847962785489326080
5657,1416,847842811428974592
7255,447,847617282490613760
19422,3576,847606175596138505
21171,4525,847251039262605312
20637,6175,847157206088847362
22161,3373,847116187444137987
20778,4141,846874817362120707
46253,12246,846514051647705089
14616,3258,846505985330044928
32841,9587,846153765933735936
32024,10436,846139713627017216
16580,3063,846042936437604353
30382,9238,845812042753855489
26054,5058,845677943972139009
7920,1912,845397057150107648
24200,5700,845306882940190720
0,8103,845098359547420673
14139,2732,844979544864018432
15694,3406,844973813909606400
40226,10946,844704788403113984
17125,3328,844580511645339650
14167,2332,844223788422217728
15738,3105,843981021012017153
22270,4912,843856843873095681
17559,2924,843604394117681152
22370,6419,843235543001513987
15834,3823,842846295480000512
7018,1355,842765311967449089
18835,3723,842535590457499648
25477,6167,842163532590374912
14586,3223,842115215311396866
0,16301,841833993020538882
26714,8246,841680585030541313
13152,3910,841439858740625411
20604,5791,841320156043304961
16502,4994,841314665196081154
23845,5649,841077006473256960
0,1868,840761248237133825
0,17215,840728873075638272
186,2,840698636975636481
12824,1043,840696689258311684
9358,1868,840632337062862849
17178,4845,840370681858686976
20124,6113,840268004936019968
14012,2447,839990271299457024
28751,8300,839549326359670784
0,154,839290600511926273
28433,6981,839239871831150596
20500,4242,838952994649550848
11674,2217,838921590096166913
0,36,838916489579200512
0,11795,838831947270979586
11417,1413,838561493054533637
23608,5140,838476387338051585
0,10771,838201503651401729
1757,354,838150277551247360
147,0,838085839343206401
18436,3374,838083903487373313
35777,8393,837820167694528512
4013,471,837482249356513284
13384,2449,837471256429613056
22117,5666,837366284874571778
16772,2557,837110210464448512
13318,2461,836989968035819520
20127,4936,836753516572119041
13213,2376,836677758902222849
0,585,836648853927522308
0,29601,836397794269200385
15433,3174,836380477523124226
22267,4594,836260088725786625
20007,4595,836001077879255040
0,8726,835685285446955009
18654,3881,835574547218894849
0,1825,835536468978302976
0,22535,835309094223372289
17217,3218,835297930240217089
8109,1825,835264098648616962
2191,78,835246439529840640
27401,6151,835172783151792128
23553,3237,835152434251116546
11361,1768,834931633769889797
22230,5891,834786237630337024
14350,2722,834574053763584002
0,11445,834477809192075265
10079,1800,834458053273591808
21628,5131,834209720923721728
16532,3903,834167344700198914
10541,2280,834089966724603904
13710,2380,834086379323871233
14073,2581,833863086058651648
18883,4007,833826103416520705
0,231,833732339549220864
21744,3448,833722901757046785
15596,2215,833479644947025920
21204,5198,833124694597443584
13955,2380,832998151111966721
0,40,832769181346996225
17679,3889,832757312314028032
12478,3155,832682457690300417
3070,559,832645525019123713
16648,2998,832636094638288896
12537,2390,832397543355072512
18032,3430,832369877331693569
11880,2511,832273440279240704
0,6658,832215909146226688
0,10097,832215726631055365
70,2,832088576586297345
0,10453,832040443403784192
18738,4989,832032802820481025
25218,6599,831939777352105988
360,35,831926988323639298
29083,7021,831911600680497154
10987,1951,831670449226514432
7555,2087,831650051525054464
9458,2470,831552930092285952
9692,1645,831322785565769729
6868,1202,831315979191906304
12342,2626,831309418084069378
12537,2208,831262627380748289
8382,1612,830956169170665475
70410,18131,830583320585068544
0,6147,830173239259324417
10343,3239,830097400375152640
0,5413,829878982036299777
12878,2105,829861396166877184
33443,11445,829501995190984704
11026,2192,829449946868879360
36455,10042,829374341691346946
25802,7996,829141528400556032
55830,17517,829011960981237760
0,3668,828801551087042563
26930,6332,828770345708580865
38576,12121,828708714936930305
10007,1457,828650029636317184
6632,1243,828409743546925057
8069,1388,828408677031882754
13307,2409,828381636999917570
7783,1149,828376505180889089
13228,3183,828372645993398273
2316,183,828361771580813312
12401,3092,828046555563323392
10925,2318,828011680017821696
21241,5646,827933404142436356
16250,3246,827653905312006145
7812,1025,827600520311402496
16735,3316,827324948884643840
11151,2425,827199976799354881
22778,5413,826958653328592898
38498,11051,826848821049180160
0,4275,826615380357632002
5400,272,826598799820865537
10642,2542,826598365270007810
19459,4539,826476773533745153
14031,2805,826240494070030336
5160,1008,826204788643753985
16539,3400,826115272272650244
11054,2025,825876512159186944
13462,2694,825829644528148480
55045,18613,825535076884762624
19353,4955,825147591692263424
0,1386,825120256414846976
6713,1386,825026590719483904
0,5955,824796380199809024
15840,3813,824775126675836928
10660,1883,824663926340194305
12468,11257,824325613288833024
15933,4196,824297048279236611
5048,641,824025158776213504
11257,2940,823939628516474880
0,12162,823719002937630720
13316,2619,823699002998870016
13803,2869,823581115634085888
737,27,823333489516937216
16670,4357,823322678127919110
0,10693,823269594223824897
18307,3732,822975315408461824
140178,47602,822872901745569793
14014,2484,822859134160621569
0,6958,822647212903690241
15652,3227,822610361945911296
19237,6958,822489057087389700
30150,15911,822462944365645825
37098,10693,822244816520155136
0,5219,822163064745328640
12029,2543,821886076407029760
0,3630,821813639212650496
8921,1810,821765923262631936
8503,1929,821522889702862852
0,6077,821421320206483457
12477,4720,821407182352777218
268,10,821153421864615936
9244,2190,821149554670182400
10164,2314,821107785811234820
13441,2491,821044531881721856
0,7290,820837357901512704
33470,10771,820749716845686786
12947,3500,820690176645140481
0,614,820494788566847489
0,2813,820446719150292993
3538,614,820314633777061888
21023,6841,820078625395449857
0,1287,820013781606658049
5646,1287,819952236453363712
13649,5265,819924195358416896
14279,3406,819711362133872643
10151,2142,819588359383371776
7662,1314,819347104292290561
2422,440,819238181065359361
24509,7290,819227688460238848
0,39996,819015337530290176
0,20609,819015331746349057
47977,20609,819006400881917954
92040,39996,819004803107983360
0,22727,818646164899774465
23571,8110,818627210458333184
10479,2813,818614493328580609
0,6687,818588835076603904
11585,2700,818536468981415936
0,8854,818307523543449600
11722,2488,818259473185828864
13058,2830,818145370475810820
5145,859,817908911860748288
55078,29601,817827839487737858
11376,2913,817777686764523521
12549,3304,817536400337801217
0,3698,817502432452313088
36341,16301,817423860136083457
5969,1049,817415592588222464
0,9269,817181837579653120
9279,2194,817171292965273600
12944,2859,817120970343411712
9114,1802,817056546584727552
0,5143,816829038950027264
10634,2217,816816676327063552
10425,2407,816697700272001025
32516,8854,816450570814898180
9147,2134,816336735214911488
9490,2356,816091915477250048
0,1135,816062466425819140
0,5799,816014286006976512
5318,1135,815990720817401858
23873,9269,815966073409433600
0,4509,815745968457060357
10471,2481,815736392542261248
8746,1794,815639385530101762
11024,4159,815390420867969024
8137,1410,814986499976527872
12002,2959,814638523311648768
0,6333,814578408554463233
9223,2028,814530161257443328
30648,9474,814153002265309185
0,3486,813944609378369540
9903,2055,813910438903693312
38731,15303,813812741911748608
8888,1918,813800681631023104
19900,7976,813217897535406080
9790,1963,813202720496779264
21128,4780,813187593374461952
9936,2089,813172488309972993
8268,2423,813157409116065792
8977,2575,813142292504645637
4758,485,813130366689148928
12633,3415,813127251579564032
11001,3014,813112105746448384
11228,3934,813096984823349248
10529,3029,813081950185472002
8485,2126,813066809284972545
22347,8018,813051746834595840
8081,2089,812781120811126785
7058,1562,812709060537683968
6479,1332,812503143955202048
8516,2107,812466873996607488
14609,4011,812372279581671427
7741,1537,811985624773361665
8049,1757,811744202451197953
5941,811,811647686436880384
13630,3414,811627233043480576
22301,6992,811386762094317568
5683,1568,810984652412424192
9653,1956,810896069567610880
11703,2897,810657578271330305
37794,12461,810284430598270976
15660,3668,810254108431155201
16529,4275,809920764300447744
0,5361,809808892968534016
7392,1605,809448704142938112
21266,6147,809220051211603969
14094,3836,809084759137812480
10783,3327,808838249661788160
8443,2372,808733504066486276
12036,2853,808501579447930884
45347,22727,808344865868283904
0,6515,808134635716833280
9326,2401,808106460588765185
13430,3870,808001312164028416
15555,4026,807621403335917568
126813,60865,807106840509214720
0,8023,807059379405148160
13934,4192,807010152071229440
80233,38160,806629075125202948
0,6041,806620845233815552
5176,2103,806576416489959424
10910,2589,806542213899489280
0,12780,806242860592926720
6865,1306,806219024703037440
0,5889,805958939288408065
8844,2092,805932879469572096
7032,2007,805826884734976000
0,8808,805823200554876929
6131,1801,805520635690676224
9363,2775,805487436403003392
8333,1865,805207613751304193
14659,4215,804738756058218496
6561,2203,804475857670639616
0,3529,804413760345620481
47684,17785,804026241225523202
10730,3038,803773340896923648
0,8152,803692223237865472
11731,4524,803638050916102144
8287,2032,803380650405482500
0,5825,803321560782307329
10723,2701,803276597545603072
9658,2201,802952499103731712
0,3206,802624713319034886
7606,1614,802600418706604034
9547,2737,802572683846291456
17359,6384,802323869084381190
7055,1497,802265048156610565
9696,2854,802239329049477120
0,291,802185808107208704
8250,1871,801958328846974976
1880,258,801854953262350336
8759,2248,801538201127157760
6474,916,801285448605831168
26196,6515,801167903437357056
0,4353,801127390143516673
8632,2289,801115127852503040
739,106,800859414831898624
0,1782,800855607700029440
11223,3039,800751577355128832
14049,3295,800513324630806528
10116,2365,800459316964663297
0,4728,800443802682937345
11917,3078,800388270626521089
0,4319,800188575492947969
16370,2813,800141422401830912
30356,14435,800018252395122689
0,5133,799774291445383169
8989,2372,799757965289017345
8606,2102,799422933579902976
0,6051,799308762079035393
10598,3035,799297110730567681
8639,2701,799063482566066176
14077,4903,798933969379225600
7956,1569,798925684722855936
0,7231,798705661114773508
0,8552,798701998996647937
0,7138,798697898615730177
0,5439,798694562394996736
0,2540,798686750113755136
0,5173,798682547630837760
0,6068,798673117451325440
0,4263,798665375516884993
0,2031,798644042770751489
0,2154,798628517273620480
0,6256,798585098161549313
0,6416,798576900688019456
0,3681,798340744599797760
11093,2803,798209839306514432
12457,3447,797971864723324932
15509,5324,797545162159308800
21359,7265,797236660651966464
247,29,797165961484890113
0,9721,796904159865868288
8206,2088,796865951799083009
12686,3357,796759840936919040
0,8002,796563435802726400
8102,1935,796484825502875648
11762,4570,796387464403357696
0,15711,796177847564038144
34613,15711,796149749086875649
5285,1956,796125600683540480
9731,2655,796116448414461957
9046,2542,796080075804475393
11557,4026,796031486298386433
53277,26130,795464331001561088
10813,3146,795400264262053889
17365,5955,795076730285391872
0,3690,794983741416415232
11004,2525,794926597468000259
0,11271,794355576146903043
10244,2907,794332329137291264
9839,3633,794205286408003585
17995,5361,793962221541933056
9851,2059,793845145112371200
0,3420,793614319594401792
8524,1791,793601777308463104
11438,2607,793500921481273345
26313,10097,793286476301799424
9247,2595,793271401113350145
21393,9150,793256262322548741
11240,3593,793241302385262592
10527,3135,793226087023144960
9554,3083,793210959003287553
16349,6169,793195938047070209
7414,2184,793180763617361921
10058,3047,793165685325201412
6603,1869,793150605191548928
6928,2737,793135492858580992
13574,4286,793120401413079041
15338,4403,792913359805018113
12097,4691,792883833364439040
7854,1840,792773781206999040
14392,4697,792394556390137856
7665,1976,792050063153438720
0,23036,791821351946420224
0,10551,791784077045166082
0,4174,791780927877898241
48312,24361,791774931465953280
12575,3420,791672322847637504
14026,4509,791406955684368384
9400,2785,791312159183634433
0,4508,791026214425268224
10567,2344,790987426131050500
17751,5143,790946055508652032
0,2536,790723298204217344
8758,2090,790698755171364864
22103,7877,790581949425475584
8357,2042,790337589677002753
13412,3486,790277117346975746
0,3913,790227638568808452
9879,2536,789986466051088384
0,4533,789960241177853952
11115,4518,789903600034189313
8031,1950,789628658055020548
7233,2121,789599242079838210
12568,3690,789530877013393408
9208,2523,789314372632018944
0,5413,789280767834746880
9747,2823,789268448748703744
10376,3061,789137962068021249
29300,13553,788908386943430656
29311,11271,788765914992902144
0,7883,788552643979468800
16661,5799,788412144018661376
7732,2313,788178268662984705
6566,1428,788150585577050112
0,3743,788070120937619456
6564,1450,788039637453406209
9272,3346,787810552592695296
10911,3044,787717603741622272
11596,3103,787397959788929025
8322,1909,787322443945877504
0,7353,787111942498508800
28393,8726,786963064373534720
0,2640,786729988674449408
19410,6658,786709082849828864
11381,2796,786664955043049472
10056,3385,786595970293370880
11649,3828,786363235746385920
8505,3126,786286427768250368
16334,5219,786233965241827333
1540,169,786051337297522688
0,7724,786036967502913536
12126,3460,785927819176054784
7130,1992,785872687017132033
8331,2422,785639753186217984
9717,2186,785533386513321988
6509,1371,785515384317313025
7757,1783,785264754247995392
12906,5312,785170936622350336
10820,3529,784826020293709826
9568,2773,784517518371221505
6068,1398,784431430411685888
21464,8808,784183165795655680
31878,12162,784057939640352768
32066,11795,783839966405230592
7843,2136,783821107061198850
11132,3518,783695101801398276
9009,2459,783466772167098368
17986,6006,783391753726550016
0,6114,783347506784731136
31153,12780,783334639985389568
8671,2421,783085703974514689
25717,8023,782969140009107456
7951,1520,782747134529531904
18424,5889,782722598790725632
8284,2042,782598640137187329
17770,6077,782305867769217024
0,6810,782021823840026624
11840,3665,781955203444699136
11121,2956,781661882474196992
4269,1222,781655249211752448
22098,6041,781524693396357120
7586,2774,781308096455073793
8976,2288,781251288990355457
10400,2982,781163403222056960
23061,8002,780931614150983680
7667,2179,780858289093574656
5855,1414,780800785462489090
12866,3630,780601303617732608
6709,1885,780543529827336192
0,4045,780496263422808064
0,126,780476555013349377
5627,1164,780459368902959104
9262,2434,780192070812196864
0,2507,780092040432480260
13041,5431,780074436359819264
20205,7724,779834332596887552
9383,3388,779377524342161408
0,20049,779124354206535695
12559,3967,779123168116150273
15741,4923,779056095788752897
21306,7908,778990705243029504
0,10865,778774459159379968
912,399,778764940568104960
7336,1447,778748913645780993
6138,1624,778650543019483137
4939,1098,778624900596654080
14531,4733,778408200802557953
0,13324,778396591732486144
6213,1205,778383385161035776
11061,3591,778286810187399168
9012,2865,778039087836069888
6971,1762,778027034220126208
0,3832,777953400541634568
6766,1785,777885040357281792
11938,3206,777684233540206592
0,4625,777641927919427584
9324,2708,777621514455814149
15232,4706,777189768882946048
0,14957,776819012571455488
5182,1318,776813020089548800
9404,3036,776477788987613185
0,9932,776249906839351296
31913,17360,776218204058357768
10202,2739,776201521193218049
12486,4728,776113305656188928
1942,165,776088319444877312
0,17849,775898661951791106
12449,2904,775842724423557120
14714,4353,775733305207554048
13732,4967,775729183532220416
7888,3228,775364825476165632
10782,4237,775350846108426240
16508,5133,775085132600442880
9078,1921,774757898236878852
7129,1876,774639387460112384
23117,6051,774314403806253056
11397,4208,773985732834758656
6790,1875,773922284943896577
7003,1766,773704687002451968
5643,1404,773670353721753600
23453,6687,773547596996571136
0,5525,773336787167145985
24680,8103,773308824254029826
9994,3487,773247561583001600
10596,4452,773191612633579521
9110,4200,772877495989305348
8477,2527,772826264096874500
0,3659,772615324260794368
6870,1831,772581559778025472
6384,1498,772193107915964416
4007,1212,772152991789019136
3985,797,772117678702071809
2880,511,772114945936949249
4247,1005,772102971039580160
6971,2050,771908950375665664
12725,3681,771770456517009408
8782,2845,771500966810099713
11154,5525,771380798096281600
0,8193,771171053431250945
9726,3180,771136648247640064
6615,1556,771102124360998913
7282,1796,771014301343748096
0,238,771004394259247104
5247,1320,770787852854652928
5500,1530,770772759874076672
7764,1886,770655142660169732
6671,2233,770414278348247044
6613,1610,770293558247038976
0,3290,770093767776997377
8046,2492,770069151037685760
33328,10453,769940425801170949
6767,1793,769695466921623552
0,8321,769335591808995329
5716,1854,769212283578875904
15267,7083,768970937022709760
0,2913,768909767477751808
4440,960,768855141948723200
4355,1310,768609597686943744
5314,1380,768596291618299904
0,6308,768554158521745409
14454,3710,768473857036525572
11551,3832,768193404517830656
5033,1517,767884188863397888
16970,5825,767754930266464257
7920,2523,767500508068192258
12989,4116,767191397493538821
10726,3077,767122157629476866
0,6115,766864461642756096
5375,1469,766793450729734144
2761,419,766714921925144576
4264,856,766693177336135680
6375,1727,766423258543644672
7181,2031,766313316352462849
0,2811,766078092750233600
4525,928,766069199026450432
3966,535,766008592277377025
7666,2323,765719909049503744
5499,1317,765669560888528897
27982,3671,765395769549590528
7510,2333,765371061932261376
12297,3659,765222098633691136
6803,1910,764857477905154048
6408,1634,764259802650378240
784,58,763956972077010945
13321,4508,763837565564780549
5711,1587,763183847194451968
0,3253,763167063695355904
7789,2463,763103485927849985
12868,3913,762699858130116608
11932,6990,762471784394268675
10900,4533,762464539388485633
5096,1218,762316489655476224
33842,16853,762035686371364864
5705,2184,761976711479193600
0,4246,761750502866649088
4497,929,761745352076779520
52405,31337,761672994376806400
4364,1267,761599872357261312
0,19390,761371037149827077
5496,1566,761334018830917632
4718,1185,761292947749015552
5617,1678,761227390836215808
11953,3743,761004547850530816
4037,1052,760893934457552897
6981,2079,760656994973933572
5235,1392,760641137271070720
8009,3917,760539183865880579
4468,1509,760521673607086080
28359,12392,760290219849637889
4159,933,760252756032651264
6019,1953,760190180481531904
0,34,760153949710192640
6274,2254,759943073749200896
15508,6115,759923798737051648
7096,2139,759846353224826880
6292,2048,759793422261743616
0,22767,759566828574212096
4960,1263,759557299618865152
8966,2640,759447681597108224
1765,522,759446261539934208
6394,2099,759197388317847553
0,1250,759159934323924993
15336,4498,759099523532779520
6869,2178,759047813560868866
3744,963,758854675097526272
11798,4133,758828659922702336
6049,1729,758740312047005698
4036,1070,758474966123810816
5075,2403,758467244762497024
5492,2081,758405701903519748
3619,1168,758355060040593408
20268,10865,758099635764359168
2858,403,758041019896193024
7267,3503,757741869644341248
0,8731,757729163776290825
4792,1310,757725642876129280
4807,1204,757611664640446465
0,314,757597904299253760
4593,1139,757596066325864448
15979,7365,757400162377592832
6153,1883,757393109802180609
4760,1533,757354760399941633
6615,2136,756998049151549440
7024,2167,756939218950160384
5338,1410,756651752796094464
10971,3893,756526248105566208
4160,1167,756303284449767430
45170,18817,756288534030475264
6781,1638,756275833623502848
7736,3113,755955933503782912
17368,5802,755206590534418437
22383,11936,755110668769038337
0,8611,754874841593970688
7249,2719,754856583969079297
2712,561,754747087846248448
5590,2099,754482103782404096
3948,790,754449512966619136
8264,2517,754120377874386944
6162,2339,753655901052166144
8359,3840,753420520834629632
6093,2067,753398408988139520
8038,2507,753375668877008896
0,6190,753298634498793472
3578,1121,753294487569522689
39132,22535,753039830821511168
4105,1049,753026973505581056
13318,7353,752932432744185856
7271,1698,752917284578922496
0,3112,752701944171524096
6299,1724,752682090207055872
4646,1697,752660715232722944
5817,2456,752568224206688256
7770,3706,752519690950500352
4021,1184,752334515931054080
0,17958,752309394570878976
6265,1986,752173152931807232
3234,1000,751950017322246144
5487,1446,751937170840121344
6115,2106,751830394383790080
6182,3129,751793661361422336
8319,3269,751598357617971201
4634,1195,751583847268179968
5305,1359,751538714308972544
3371,1074,751456908746354688
13155,6304,751251247299190784
6637,1967,751205363882532864
5343,1397,751132876104687617
5029,1489,750868782890057730
13896,5413,750719632563142656
4675,1235,750506206503038976
13866,4625,750429297815552001
4789,1222,750383411068534784
726,30,750381685133418496
3262,1035,750147208377409536
3824,1369,750132105863102464
4563,1396,750117059602808832
3192,906,750101899009982464
2284,584,750086836815486976
8277,3585,750071704093859840
3301,959,750056684286914561
3339,664,750041628174217216
2851,843,750026558547456000
3411,975,750011400160841729
3196,869,749996283729883136
5372,2629,749981277374128128
4891,1407,749774190421639168
6407,1782,749417653287129088
2760,584,749403093750648834
9047,3715,749395845976588288
5762,2371,749317047558017024
6056,2222,749075273010798592
5034,1623,749064354620928000
3258,839,749036806121881602
11267,3640,748977405889503236
6138,2420,748932637671223296
2903,1017,748705597323898880
4971,1712,748699167502000129
4454,1423,748692773788876800
6368,2125,748575535303884801
2291,719,748568946752774144
5498,1330,748346686624440324
8076,4407,748337862848962560
3885,819,748324050481647620
3846,761,748307329658011649
14856,8348,748220828303695873
6072,2294,747963614829678593
6953,2728,747933425676525569
3096,1054,747885874273214464
2946,804,747844099428986880
5081,1245,747816857231626240
1449,166,747651430853525504
13534,6251,747648653817413632
2432,588,747600769478692864
3878,1123,747594051852075008
5819,1695,747512671126323200
4046,1099,747461612269887489
5698,2060,747439450712596480
0,3077,747242308580548608
5537,1691,747219827526344708
3541,984,747204161125646336
10049,4264,747103485104099331
3023,316,746906459439529985
6287,2298,746872823977771008
5562,1848,746818907684614144
5112,1697,746790600704425984
10039,4174,746757706116112384
6330,1914,746726898085036033
5278,1994,746542875601690625
0,1050,746521445350707200
4857,1155,746507379341139972
6461,1756,746369468511756288
7246,2352,746131877086527488
3717,870,746056683365994496
4224,1140,745789745784041472
7324,2478,745712589599014916
7428,2705,745433870967832576
8985,2595,745422732645535745
7520,2961,745314880350101504
8215,3769,745074613265149952
7570,2426,745057283344719872
3113,664,744995568523612160
8252,2876,744971049620602880
5852,1665,744709971296780288
7078,2281,744334592493166593
164018,83458,744234799360020481
1768,396,744223424764059648
4353,1158,743980027717509120
3812,1020,743895849529389061
0,2225,743835915802583040
4682,1473,743609206067040256
19314,7017,743595368194129920
3684,995,743545585370791937
8279,3943,743510151680958465
4424,1301,743253157753532416
6473,2028,743222593470234624
4019,1458,743210557239623680
7376,3786,742534281772302336
4634,2126,742528092657332225
7594,4151,742465774154047488
10287,4045,742423170473463808
7119,2119,742385895052087300
4540,1466,742161199639494656
5368,1662,742150209887731712
4774,1607,741793263812808706
8554,2942,741743634094141440
3839,888,741438259667034112
9174,3451,741303864243200000
10491,5908,741099773336379392
9885,3290,741067306818797568
6692,2952,740995100998766593
3560,993,740711788199743490
2964,832,740699697422163968
18985,7231,740676976021798912
36343,14165,740373189193256964
2588,464,740365076218183684
3446,911,740359016048689152
6995,2093,740214038584557568
20861,6308,739979191639244800
4242,1148,739932936087216128
3965,910,739844404073074688
3976,1447,739623569819336705
5616,1762,739606147276148736
41469,22767,739544079319588864
7511,3129,739485634323156992
121170,61804,739238157791694849
112,6,738891149612572673
3936,1215,738885046782832640
3481,863,738883359779196928
5321,1661,738537504001953792
3399,896,738402415918125056
4498,1284,738184450748633089
9195,3619,738166403467907072
2645,698,738156290900254721
5501,1871,737826014890496000
10434,3681,737800304142471168
5263,1417,737678689543020544
10743,4749,737445876994609152
3768,861,737322739594330112
15330,7892,737310737551491075
4503,1842,736736130620620800
18558,7883,736392552031657984
4166,1327,736365877722001409
8484,2939,736225175608430592
8236,3162,736010884653420544
3750,1222,735991953473572864
4184,1169,735648611367784448
6448,2492,735635087207878657
13574,5392,735274964362878976
3487,942,735256018284875776
3265,1029,735137028879360001
2852,548,734912297295085568
13105,6685,734787690684657664
2617,579,734776360183431168
1561,419,734559631394082816
3744,824,733828123016450049
3819,1071,733822306246479872
3283,1008,733482008106668032
4389,1358,733460102733135873
51387,17849,733109485275860992
2544,567,732732193018155009
3680,937,732726085725589504
3837,820,732585889486888962
8438,2681,732375214819057664
15576,5799,732005617171337216
3633,1046,731285275100512256
3997,1349,731156023742988288
6388,2102,730924654643314689
5124,2287,730573383004487680
3609,1107,730427201120833536
3992,1120,730211855403241472
5097,2039,730196704625098752
4206,1197,729854734790754305
1777,408,729838605770891264
4154,1314,729823566028484608
6048,2454,729463711119904772
1965,348,729113531270991872
3289,866,728986383096946689
4867,1812,728760639972315136
2885,719,728751179681943552
3445,1102,728653952833728512
5114,2125,728409960103686147
3821,1015,728387165835677696
4486,1248,728046963732717569
4739,1767,728035342121635841
4264,1161,728015554473250816
3052,672,727685679342333952
6145,1851,727644517743104000
4655,1291,727524757080539137
3464,796,727314416056803329
3170,866,727286334147182592
4034,1459,727175381690781696
3795,1402,727155742655025152
7164,2599,726935089318363137
3995,1596,726887082820554753
3695,1064,726828223124897792
4596,1217,726224900189511680
7351,2811,725842289046749185
4336,1437,725786712245440512
5397,1885,725729321944506368
1465,660,725458796924002305
3863,1378,724983749226668032
2467,680,724771698126512129
5514,1744,724405726123311104
4499,1871,724049859469295616
2771,593,724046343203856385
4354,1669,724004602748780546
4060,1296,723912936180330496
8018,3162,723688335806480385
3147,943,723673163800948736
5511,1985,723179728551723008
4278,1664,722974582966214656
5166,1732,722613351520608256
4843,1981,721503162398597120
2632,652,721001180231503872
3242,814,720785406564900865
2579,716,720775346191278080
4298,1587,720415127506415616
6660,2663,720389942216527872
2985,1033,720340705894408192
4043,1192,720059472081784833
5103,2124,720043174954147842
5026,1848,719991154352222208
4742,1533,719704490224398336
5261,2036,719551379208073216
2906,784,719367763014393856
4590,1323,719339463458033665
3551,1008,719332531645071360
3628,1159,718971898235854848
5455,1867,718939241951195136
19660,8552,718631497683582976
2535,508,718613305783398402
2582,1072,718540630683709445
2803,557,718460005985447936
5063,1595,718454725339934721
2007,529,718246886998687744
4038,1064,718234618122661888
2549,627,717841801130979328
3002,1193,717790033953034240
5987,1945,717537687239008257
1674,480,717428917016076293
3272,890,717421804990701568
6525,2022,717047459982213120
3400,1029,717009362452090881
4454,1247,716802964044845056
6229,1519,716791146589110272
1282,454,716730379797970944
13640,6249,716447146686459905
2465,224,716439118184652801
2889,1150,716285507865542656
6998,2032,716080869887381504
3314,923,715928423106027520
3879,1510,715758151270801409
4861,1787,715733265223708672
2904,599,715704790270025728
4058,1360,715696743237730304
4500,1716,715680795826982913
5687,1666,715360349751484417
3153,721,715342466308784130
2513,692,715220193576927233
5331,1997,715200624753819648
4334,1314,715009755312439296
3910,1094,714982300363173890
7672,4526,714962719905021952
4305,1505,714957620017307648
3397,1063,714631576617938945
3777,979,714606013974974464
2825,1227,714485234495041536
3144,757,714258258790387713
3398,888,714251586676113411
2361,931,714214115368108032
4486,1487,714141408463036416
3414,821,713919462244790272
1995,573,713909862279876608
2956,783,713900603437621249
5083,1457,713761197720473600
4590,1370,713411074226274305
7500,2998,713177543487135744
4640,1541,713175907180089344
19364,7138,712809025985978368
12870,5297,712717840512598017
4323,1286,712668654853337088
5545,1659,712438159032893441
255,25,712309440758808576
3955,1098,712097430750289920
3061,948,712092745624633345
3383,509,712085617388212225
2355,662,712065007010385924
0,132,711998809858043904
8397,2447,711968124745228288
2960,1040,711743778164514816
9258,4369,711732680602345472
34223,19390,711694788429553666
4031,976,711652651650457602
3808,1200,711363825979756544
3453,775,711306686208872448
3124,653,711008018775851008
4746,1472,710997087345876993
2656,735,710844581445812225
2801,570,710833117892898816
2403,597,710658690886586372
4991,2493,710609963652087808
4736,1988,710588934686908417
2471,782,710296729921429505
2226,545,710283270106132480
4723,1333,710272297844797440
2496,1196,710269109699739648
3035,948,710153181850935296
2882,943,710140971284037632
5735,2112,710117014656950272
3108,1129,709918798883774466
704,105,709901256215666688
3657,1267,709852847387627521
3689,1274,709566166965075968
3433,1125,709556954897764353
1550,253,709519240576036864
2322,612,709449600415961088
2726,733,709409458133323776
2508,606,709225125749587968
13137,6196,709207347839836162
2516,678,709198395643068416
2099,713,709179584944730112
2126,447,709158332880297985
4957,1741,709042156699303936
1865,695,708853462201716736
3105,950,708845821941387268
1764,536,708834316713893888
17208,7370,708810915978854401
2861,868,708738143638450176
2661,767,708711088997666817
2658,713,708479650088034305
3217,869,708469915515297792
16706,10744,708400866336894977
3768,1415,708356463048204288
2450,782,708349470027751425
4461,1635,708149363256774660
3532,889,708130923141795840
2793,1039,708119489313951744
2015,575,708109389455101952
4556,2030,708026248782585858
3269,1189,707995814724026368
51,2,707983188426153984
2814,1028,707969809498152960
3427,1005,707776935007539200
2604,650,707741517457260545
4280,2627,707738799544082433
3587,1065,707693576495472641
2689,936,707629649552134146
17703,6810,707610948723478529
2374,733,707420581654872064
2384,632,707411934438625280
3656,1380,707387676719185920
3427,1146,707377100785885184
2577,680,707315916783140866
2887,843,707297311098011648
2693,718,707059547140169728
2287,843,707038192327901184
4245,1451,707021089608753152
2405,631,707014260413456384
15240,8321,706904523814649856
2155,638,706901761596989440
3474,1025,706681918348251136
2693,1160,706644897839910912
2247,666,706593038911545345
3611,1498,706538006853918722
3233,1098,706516534877929472
3605,978,706346369204748288
22360,8476,706310011488698368
1774,496,706291001778950144
2857,976,706265994973601792
4082,2365,706169069255446529
5379,1711,706166467411222528
1551,407,706153300320784384
3238,782,705975130514706432
3278,944,705970349788291072
2480,591,705898680587526145
2034,556,705786532653883392
3309,1221,705591895322394625
3086,978,705475953783398401
4648,1742,705442520700944385
3988,1797,705428427625635840
3130,795,705239209544720384
2691,858,705223444686888960
2242,542,705102439679201280
2268,638,705066031337840642
4454,1178,704871453724954624
2354,581,704859558691414016
5331,1629,704847917308362754
2752,1058,704819833553219584
6924,3077,704761120771465216
3066,1062,704499785726889984
797,85,704491224099647488
3543,1122,704480331685040129
8384,3775,704364645503647744
1661,370,704347321748819968
1575,497,704134088924532736
1933,593,704113298707505153
3047,965,704054845121142784
1917,496,703774238772166656
3433,1205,703769065844768768
2709,730,703631701117943808
4029,1607,703611486317502464
3962,1457,703425003149250560
2563,737,703407252292673536
3664,1201,703382836347330562
2002,409,703356393781329922
2054,579,703268521220972544
7735,3297,703079050210877440
27565,13324,703041949650034688
2701,765,702932127499816960
1682,481,702899151802126337
3365,1149,702684942141153280
2297,598,702671118226825216
12744,3643,702598099714314240
3000,1014,702539513671897089
3339,1655,702332542343577600
3427,1096,702321140488925184
2579,812,702276748847800320
5017,1422,702217446468493312
3604,1053,701981390485725185
3988,1083,701952816642965504
3712,1462,701889187134500865
3587,1800,701805642395348998
2183,484,701601587219795968
2943,989,701570477911896070
2779,651,701545186879471618
12769,5439,701214700881756160
2316,611,700890391244103680
2707,652,700864154249383937
2537,530,700847567345688576
2545,1018,700796979434098688
23877,9932,700747788515020802
2762,851,700518061187723268
2384,604,700505138482569216
4329,1911,700462010979500032
2764,792,700167517596164096
2342,705,700151421916807169
7868,2913,700143752053182464
2763,739,700062718104104960
2161,620,700029284593901568
3459,1428,700002074055016451
3199,1016,699801817392291840
2344,528,699788877217865730
2891,1319,699779630832685056
2050,642,699775878809702401
10716,4885,699691744225525762
6210,2776,699446877801091073
2266,538,699434518667751424
1436,349,699423671849451520
2164,655,699413908797464576
1968,464,699370870310113280
3307,916,699323444782047232
2342,668,699088579889332224
2566,697,699079609774645248
3145,1262,699072405256409088
3952,1920,699060279947165696
2722,1269,699036661657767936
3529,1043,698989035503689728
2827,958,698953797952008193
2652,660,698907974262222848
2588,725,698710712454139905
1517,403,698703483621523456
1347,361,698635131305795584
2428,656,698549713696649216
1956,481,698355670425473025
2364,1006,698342080612007937
4968,2136,698262614669991936
17523,6333,698195409219559425
2926,788,698178924120031232
1602,354,697995514407682048
3439,1376,697990423684476929
2506,728,697943111201378304
3154,1267,697881462549430272
1828,572,697630435728322560
3308,1075,697616773278015490
3168,1339,697596423848730625
2135,530,697575480820686848
2175,1200,697516214579523584
2526,712,697482927769255936
3563,1463,697463031882764288
4889,1978,697270446429966336
3435,1053,697259378236399616
3156,1229,697255105972801536
2632,707,697242256848379904
3335,1088,696900204696625153
2443,714,696894894812565505
5066,1907,696886256886657024
2548,754,696877980375769088
1543,378,696754882863349760
2162,995,696744641916489729
2481,682,696713835009417216
4079,1807,696518437233913856
1274,154,696490539101908992
2656,1096,696488710901260288
3357,1211,696405997980676096
2025,706,696100768806522880
3147,1238,695816827381944320
3336,831,695794761660297217
1959,792,695767669421768709
4777,2227,695629776980148225
4563,1927,695446424020918272
9049,3798,695409464418041856
3803,1559,695314793360662529
2761,655,695095422348574720
2976,1177,695074328191332352
1682,639,695064344191721472
2786,837,695051054296211456
2819,971,694925794720792577
2880,989,694905863685980160
37390,15383,694669722378485760
1574,305,694356675654983680
2137,660,694352839993344000
1650,517,694342028726001664
2097,532,694329668942569472
4374,2158,694206574471057408
3084,988,694183373896572928
3554,1093,694001791655137281
1958,430,693993230313091072
1811,391,693942351086120961
2827,627,693647888581312512
1409,135,693644216740769793
2654,441,693642232151285760
2560,848,693629975228977152
1618,392,693622659251335168
5297,2100,693590843962331137
1719,270,693582294167244802
1867,670,693486665285931008
3520,1316,693280720173801472
2501,866,693267061318012928
2336,533,693262851218264065
3000,778,693231807727280129
8243,3398,693155686491000832
1802,652,693109034023534592
1964,490,693095443459342336
2792,794,692919143163629568
2553,929,692905862751522816
1867,644,692901601640583168
2386,860,692894228850999298
3021,935,692828166163931137
7150,3861,692752401762250755
4553,1634,692568918515392513
3350,1444,692535307825213440
1933,442,692530551048294401
1548,244,692423280028966913
9764,3698,692417313023332352
2642,870,692187005137076224
2250,845,692158366030913536
1719,418,692142790915014657
3561,1355,692041934689402880
2999,1012,692017291282812928
4136,1764,691820333922455552
8486,4469,691793053716221953
3026,1088,691756958957883396
2035,537,691675652215414786
2483,601,691483041324204033
4254,1225,691459709405118465
2778,896,691444869282295808
20209,8152,691416866452082688
2691,702,691321916024623104
3095,941,691096613310316544
1792,358,691090071332753408
6177,3047,690989312272396288
3763,1338,690959652130045952
4318,2114,690938899477221376
3435,1086,690932576555528194
3953,1356,690735892932222976
2272,550,690728923253055490
2434,849,690690673629138944
1368,296,690649993829576704
305,17,690607260360429569
2051,640,690597161306841088
1960,480,690400367696297985
3416,913,690374419777196032
2765,948,690360449368465409
1575,548,690348396616552449
1756,438,690248561355657216
2921,1101,690021994562220032
2632,788,690015576308211712
3838,1794,690005060500217858
1494,396,689999384604450816
1533,482,689993469801164801
1431,475,689977555533848577
2543,737,689905486972461056
3171,1257,689877686181715968
2258,799,689835978131935233
3352,990,689661964914655233
10841,4122,689659372465688576
2338,682,689623661272240129
12170,5893,689599056876867584
2144,490,689557536375177216
3559,1523,689517482558820352
2362,996,689289219123089408
3441,1177,689283819090870273
2088,760,689280876073582592
1211,260,689275259254616065
2681,1153,689255633275777024
3211,1068,689154315265683456
2119,546,689143371370250240
2863,927,688916208532455424
2211,823,688908934925697024
2205,840,688898160958271489
2341,738,688894073864884227
1447,397,688828561667567616
1008,206,688804835492233216
2324,704,688789766343622656
2739,747,688547210804498433
2424,784,688519176466644993
9716,4742,688385280030670848
2331,882,688211956440801280
2214,621,688179443353796608
2959,829,688116655151435777
1808,381,688064179421470721
5728,2692,687841446767013888
2856,1197,687826841265172480
2620,1009,687818504314159109
2504,746,687807801670897665
1847,699,687732144991551489
2558,886,687704180304273409
2029,542,687664829264453632
1995,610,687494652870668288
1669,258,687480748861947905
2069,568,687476254459715584
2146,576,687460506001633280
1981,664,687399393394311168
21029,9721,687317306314240000
4569,2024,687312378585812992
5717,2437,687127927494963200
2266,533,687124485711986689
6087,2625,687109925361856513
2446,1053,687102708889812993
2350,645,687096057537363968
9023,3387,686947101016735744
3684,1465,686760001961103360
3636,1552,686749460672679938
4346,1279,686730991906516992
2940,853,686683045143953408
3864,1451,686618349602762752
1984,580,686606069955735556
1827,723,686394059078897668
3410,935,686386521809772549
2326,599,686377065986265092
2304,724,686358356425093120
4192,1776,686286779679375361
2308,777,686050296934563840
1213,129,686035780142297088
3267,1240,686034024800862208
2601,449,686007916130873345
1912,677,686003207160610816
2209,559,685973236358713344
1705,640,685943807276412928
7877,3105,685906723014619143
2128,134,685681090388975616
2451,609,685667379192414208
3411,1563,685663452032069632
3074,831,685641971164143616
34543,16723,685547936038666240
3186,1229,685532292383666176
9926,4246,685325112850124800
2769,685,685321586178670592
3509,1152,685315239903100929
2168,468,685307451701334016
3241,1284,685268753634967552
2441,708,685198997565345792
4287,1512,685169283572338688
2475,403,684969860808454144
7130,3335,684959798585110529
3366,1115,684940049151070208
3666,497,684926975086034944
3671,1562,684914660081053696
1968,567,684902183876321280
2205,873,684880619965411328
36675,23036,684830982659280897
2837,1061,684800227459624960
9356,3770,684594889858887680
4313,1496,684588130326986752
3152,1311,684567543613382656
2775,1018,684538444857667585
4061,1244,684481074559381504
2074,591,684460069371654144
8534,3527,684241637099323392
1293,227,684225744407494656
4019,1465,684222868335505415
2265,1098,684200372118904832
2010,552,684195085588783105
3643,1252,684188786104872960
2111,718,684177701129875456
3120,1594,684147889187209216
2089,505,684122891630342144
4299,1534,684097758874210310
3984,1190,683857920510050305
2015,373,683852578183077888
2743,1044,683849932751646720
2749,1185,683834909291606017
2929,1130,683828599284170753
3502,1446,683773439333797890
6806,3544,683742671509258241
7713,3112,683515932363329536
3327,1027,683498322573824003
2762,1061,683481228088049664
2540,713,683462770029932544
4078,1719,683449695444799489
7972,2540,683391852557561860
3075,997,683357973142474752
3020,1111,683142553609318400
3553,972,683111407806746624
2271,704,683098815881154561
2073,600,683078886620553216
2257,776,683030066213818368
38675,17798,682962037429899265
1857,193,682808988178739200
2586,1190,682788441537560576
1593,464,682750546109968385
1372,383,682697186228989953
3191,1153,682662431982772225
2151,645,682638830361513985
3591,1244,682429480204398592
7942,1879,682406705142087680
2346,729,682393905736888321
1739,498,682389078323662849
3221,1068,682303737705140231
4363,1292,682259524040966145
3405,1258,682242692827447297
19155,10551,682088079302213632
5193,1797,682059653698686977
3359,1028,682047327939461121
6883,2147,682032003584274432
3292,1637,682003177596559360
2919,1100,681981167097122816
2576,881,681891461017812993
13361,4319,681694085539872773
1844,480,681679526984871937
2756,988,681654059175129088
1996,506,681610798867845120
3710,1387,681579835668455424
14983,6190,681523177663676416
1715,297,681340665377193984
9718,4336,681339448655802368
2773,806,681320187870711809
4121,1951,681302363064414209
3347,1020,681297372102656000
3365,1175,681281657291280384
1522,291,681261549936340994
1567,574,681242418453299201
2509,517,681231109724700672
3884,1588,681193455364796417
2539,710,680970795137544192
4759,2134,680959110691590145
3366,1125,680940246314430465
2170,468,680934982542561280
2499,660,680913438424612864
1845,391,680889648562991104
3618,1419,680836378243002368
2261,706,680805554198020098
2474,880,680801747103793152
2985,1113,680798457301471234
2757,758,680609293079592961
3792,1435,680583894916304897
4428,2034,680497766108381184
1792,513,680494726643068929
2662,796,680473011644985345
1518,537,680440374763077632
1517,306,680221482581123072
2969,1255,680206703334408192
2243,539,680191257256136705
4077,1672,680176173301628928
2425,783,680161097740095489
3786,1861,680145970311643136
2386,1015,680130881361686529
2831,967,680115823365742593
3729,1454,680100725817409536
13374,9517,680085611152338944
2694,935,680070545539371008
2056,686,679877062409191424
2279,710,679872969355714560
2569,663,679862121895714818
2994,1311,679854723806179328
2480,812,679844490799091713
37849,14957,679828447187857408
3215,1187,679777920601223168
2181,843,679736210798047232
2259,872,679729593985699840
1733,497,679722016581222400
4973,2204,679530280114372609
2760,769,679527802031484928
3513,1351,679511351870550016
3284,1569,679503373272485890
2183,682,679475951516934144
33096,20049,679462823135686656
2478,1276,679405845277462528
22380,8611,679158373988876288
2884,1098,679148763231985668
3088,1232,679132435750195208
6199,2722,679111216690831360
17775,8731,679062614270468097
2346,723,679047485189439488
2941,1312,679001094530465792
2424,1252,678991772295516161
1713,489,678969228704284672
2685,957,678800283649069056
3621,1260,678798276842360832
2914,977,678774928607469569
3676,1453,678767140346941444
1705,505,678764513869611008
7425,3513,678755239630127104
3911,1803,678740035362037760
5791,2575,678708137298427904
2987,1570,678675843183484930
2137,448,678643457146150913
4162,1662,678446151570427904
5628,2694,678424312106393600
4408,1934,678410210315247616
82282,33715,678399652199309312
1655,444,678396796259975168
1943,445,678389028614488064
2534,964,678380236862578688
1795,569,678341075375947776
1351,275,678334497360859136
11915,6438,678278586130948096
1644,395,678255464182861824
2005,407,678023323247357953
14303,6759,678021115718029313
3546,1785,677961670166224897
1401,433,677918531514703872
5011,2229,677895101218201600
3169,1023,677716515794329600
3517,1529,677700003327029250
1272,336,677698403548192770
2572,892,677687604918272002
3468,1583,677673981332312066
2025,1027,677662372920729601
1940,841,677644091929329666
2222,765,677573743309385728
1343,483,677565715327688705
2533,1229,677557565589463040
7180,3851,677547928504967168
1112,240,677530072887205888
3143,1889,677335745548390400
1404,311,677334615166730240
1132,248,677331501395156992
3766,1580,677328882937298944
1700,567,677314812125323265
1284,433,677301033169788928
2069,742,677269281705472000
3666,1730,677228873407442944
2828,975,677187300187611136
2877,1130,676975532580409345
2290,850,676957860086095872
1346,421,676949632774234114
2251,918,676948236477857792
1767,399,676946864479084545
2142,799,676942428000112642
13138,5173,676936541936185344
3065,1897,676916996760600576
2335,762,676897532954456065
2170,749,676864501615042560
23846,16464,676821958043033607
1864,702,676819651066732545
1459,445,676811746707918848
5163,2107,676776431406465024
2999,1035,676617503762681856
1122,206,676613908052996102
1942,460,676606785097199616
1207,406,676603393314578432
4726,2272,676593408224403456
946,134,676590572941893632
2405,842,676588346097852417
1246,293,676582956622721024
2679,1182,676575501977128964
1942,586,676533798876651520
1568,562,676496375194980353
11987,4912,676470639084101634
1778,696,676440007570247681
1443,362,676430933382295552
2141,578,676263575653122048
1262,309,676237365392908289
77238,32557,676219687039057920
1792,614,676215927814406144
2353,1080,676191832485810177
1982,701,676146341966438401
2216,1217,676121918416756736
2900,1217,676101918813499392
3094,1511,676098748976615425
1355,451,676089483918516224
1684,599,675898130735476737
2198,910,675891555769696257
2450,1004,675888385639251968
4301,1464,675878199931371520
1692,600,675870721063669760
2769,1360,675853064436391936
970,156,675849018447167488
2353,931,675845657354215424
1570,559,675822767435051008
1081,241,675820929667219457
10539,3546,675798442703122432
1667,495,675781562965868544
1200,363,675740360753160193
1945,865,675710890956750848
2039,729,675707330206547968
662,102,675706639471788032
1871,436,675534494439489536
1216,404,675531475945709568
1070,299,675522403582218240
1339,477,675517828909424640
17590,6068,675501075957489664
3231,1358,675497103322386432
1341,624,675489971617296384
1897,1018,675483430902214656
1568,595,675432746517426176
1742,531,675372240448454658
1078,239,675362609739206656
33698,17958,675354435921575936
4018,2356,675349384339542016
2859,1352,675334060156301312
3709,1684,675166823650848770
6448,2729,675153376133427200
3838,1760,675149409102012420
967,252,675147105808306176
1226,328,675146535592706048
2190,943,675145476954566656
1328,514,675135153782571009
1998,816,675113801096802304
987,264,675111688094527488
2873,1181,675109292475830276
1088,342,675047298674663426
2784,1251,675015141583413248
1010,236,675006312288268288
1591,491,675003128568291329
2301,1145,674999807681908736
877,369,674805413498527744
3073,893,674800520222154752
2561,1135,674793399141146624
1131,260,674790488185167872
831,218,674788554665512960
2048,1253,674781762103414784
1150,494,674774481756377088
1865,822,674767892831932416
800,247,674764817387900928
1393,466,674754018082705410
1493,485,674752233200820224
1439,577,674743008475090944
502,53,674742531037511680
1138,410,674739953134403584
662,96,674737130913071104
1176,485,674690135443775488
1646,679,674670581682434048
946,264,674664755118911488
1468,519,674646392044941312
1052,278,674644256330530816
1718,604,674638615994089473
1536,601,674632714662858753
957,102,674606911342424069
6364,2138,674468880899788800
1088,368,674447403907457024
1138,408,674436901579923456
1466,556,674422304705744896
698,146,674416750885273600
1227,482,674410619106390016
1529,595,674394782723014656
865,322,674372068062928900
573,76,674330906434379776
1444,532,674318007229923329
11568,7211,674307341513269249
15031,6114,674291837063053312
1597,754,674271431610523648
920,232,674269164442398721
1675,879,674265582246694913
1333,470,674262580978937856
1500,580,674255168825880576
771,176,674082852460433408
996,299,674075285688614912
6489,2291,674063288070742018
3389,1347,674053186244734976
1471,499,674051556661161984
1446,658,674045139690631169
736,133,674042553264685056
1126,425,674038233588723717
863,221,674036086168010753
1816,1270,674024893172875264
1155,309,674019345211760640
1591,672,674014384960745472
1222,366,674008982932058114
1983,999,673956914389192708
1189,378,673919437611909120
3249,1670,673906403526995968
947,259,673887867907739649
3130,785,673716320723169284
3603,2156,673715861853720576
1053,304,673711475735838725
861,284,673709992831262724
1094,299,673708611235921920
1109,404,673707060090052608
1271,411,673705679337693185
1459,591,673700254269775872
3867,2020,673697980713705472
1769,668,673689733134946305
1285,508,673688752737402881
1468,452,673686845050527744
1394,482,673680198160809984
1278,370,673662677122719744
728,250,673656262056419329
1129,373,673636718965334016
1613,742,673612854080196609
1208,379,673583129559498752
849,275,673580926094458881
1408,577,673576835670777856
1042,313,673363615379013632
1480,690,673359818736984064
1513,600,673355879178194945
1682,551,673352124999274496
755,220,673350198937153538
2568,1318,673345638550134785
985,278,673343217010679808
1293,605,673342308415348736
13693,8193,673320132811366400
882,266,673317986296586240
7645,3253,673295268553605120
1079,380,673270968295534593
1438,752,673240798075449344
2288,872,673213039743795200
1720,649,673148804208660480
2000,740,672997845381865473
974,307,672995267319328768
996,301,672988786805112832
1268,559,672984142909456390
1844,1032,672980819271634944
1711,939,672975131468300288
963,365,672970152493887488
1333,560,672968025906282496
1440,657,672964561327235073
1388,519,672902681409806336
914,434,672898206762672129
1579,853,672884426393653248
1048,380,672877615439593473
1331,585,672834301050937345
1270,505,672828477930868736
983,330,672640509974827008
1315,508,672622327801233409
1236,600,672614745925664768
1130,398,672609152938721280
1131,411,672604026190569472
1346,622,672594978741354496
964,343,672591762242805761
742,189,672591271085670400
1046,377,672538107540070400
649,176,672523490734551040
1130,450,672488522314567680
1151,621,672482722825261057
726,128,672481316919734272
1453,718,672475084225949696
1371,552,672466075045466113
6543,3485,672272411274932228
1524,629,672267570918129665
1158,347,672264251789176834
2847,1595,672256522047614977
1452,762,672254177670729728
1746,627,672248013293752320
699,162,672245253877968896
908,329,672239279297454080
1859,1041,672231046314901505
794,216,672222792075620352
2292,1186,672205392827572224
1037,378,672169685991993344
881,367,672160042234327040
1775,733,672139350159835138
2440,1168,672125275208069120
1010,376,672095186491711488
951,375,672082170312290304
1313,527,672068090318987265
8583,4263,671896809300709376
1346,585,671891728106971137
3509,1409,671882082306625538
1441,700,671879137494245376
1262,573,671874878652489728
1135,514,671866342182637568
918,458,671855973984772097
7147,3579,671789708968640512
1210,540,671768281401958400
1711,948,671763349865160704
1364,790,671744970634719232
749,237,671743150407421952
1472,776,671735591348891648
8617,4464,671729906628341761
12994,7411,671561002136281088
928,212,671550332464455680
1366,611,671547767500775424
2011,1072,671544874165002241
1101,579,671542985629241344
939,406,671538301157904385
1193,420,671536543010570240
1033,591,671533943490011136
851,265,671528761649688577
1417,538,671520732782923777
965,299,671518598289059840
1629,743,671511350426865664
7129,3632,671504605491109889
930,455,671497587707535361
1024,479,671488513339211776
585,210,671486386088865792
769,236,671485057807351808
1437,750,671390180817915904
1125,301,671362598324076544
406,150,671357843010908160
484,116,671355857343524864
968,439,671347597085433856
744,218,671186162933985280
1140,352,671182547775299584
887,360,671166507850801152
1684,1135,671163268581498880
378,84,671159727754231808
722,225,671154572044468225
679,158,671151324042559489
683,231,671147085991960577
1181,671,671141549288370177
941,414,671138694582165504
759,199,671134062904504320
3547,2588,671122204919246848
1379,794,671115716440031232
1157,452,671109016219725825
1117,300,670995969505435648
24908,8952,670842764863651840
601,198,670840546554966016
1129,711,670838202509447168
455,128,670833812859932673
744,225,670832455012716544
5629,4152,670826280409919488
787,197,670823764196741120
619,99,670822709593571328
3212,1576,670815497391357952
1145,275,670811965569282048
1171,501,670807719151067136
1995,981,670804601705242624
345,88,670803562457407488
744,243,670797304698376195
841,285,670792680469889025
670,246,670789397210615808
608,205,670786190031921152
832,405,670783437142401025
1586,792,670782429121134593
793,296,670780561024270336
330,74,670778058496974848
1086,434,670764103623966721
447,114,670755717859713024
976,524,670733412878163972
836,370,670727704916926465
1225,507,670717338665226240
773,381,670704688707301377
596,249,670691627984359425
754,290,670679630144274432
252,44,670676092097810432
10852,5167,670668383499735048
1551,779,670474236058800128
356,86,670468609693655041
979,564,670465786746662913
555,213,670452855871037440
1206,683,670449342516494336
6808,2031,670444955656130560
649,202,670442337873600512
1065,530,670435821946826752
1424,661,670434127938719744
331,115,670433248821026816
1403,648,670428280563085312
525,167,670427002554466305
1327,651,670421925039075328
635,322,670420569653809152
575,325,670417414769758208
2049,923,670411370698022913
564,231,670408998013820928
439,161,670403879788544000
566,217,670385711116361728
754,277,670374371102445568
333,69,670361874861563904
429,113,670338931251150849
3913,1250,670319130621435904
432,139,670303360680108032
715,293,670290420111441920
1040,343,670093938074779648
708,261,670086499208155136
2249,1273,670079681849372674
1595,811,670073503555706880
636,250,670069087419133954
777,351,670061506722140161
679,339,670055038660800512
654,181,670046952931721218
768,115,670040295598354432
595,285,670037189829525505
337,95,670003130994700288
329,86,669993076832759809
448,167,669972011175813120
307,62,669970042633789440
514,169,669942763794931712
381,107,669926384437997569
239,58,669923323644657664
827,411,669753178989142016
271,67,669749430875258880
526,91,669684865554620416
395,114,669683899023405056
357,136,669682095984410625
678,296,669680153564442624
816,451,669661792646373376
3578,1855,669625907762618368
957,371,669603084620980224
519,154,669597912108789760
1511,949,669583744538451968
441,145,669573570759163904
1609,1043,669571471778410496
240,58,669567591774625800
392,128,669564461267722241
374,79,669393256313184256
1355,750,669375718304980992
505,186,669371483794317312
472,162,669367896104181761
634,235,669363888236994561
374,127,669359674819481600
2745,1301,669354382627049472
653,266,669353438988365824
445,192,669351434509529089
1025,425,669328503091937280
584,119,669327207240699904
503,213,669324657376567296
1203,414,669216679721873412
445,172,669214165781868544
1014,490,669203728096960512
665,321,669037058363662336
753,382,669015743032369152
585,257,669006782128353280
21132,6522,669000397445533696
446,238,668994913074286592
750,355,668992363537309700
691,337,668989615043424256
906,484,668988183816871936
563,172,668986018524233728
544,317,668981893510119424
804,356,668979806671884288
1327,596,668975677807423489
148,25,668967877119254528
712,245,668960084974809088
284,74,668955713004314625
270,59,668932921458302977
322,103,668902994700836864
400,154,668892474547511297
533,307,668872652652679168
458,171,668852170888998912
441,141,668826086256599040
580,278,668815180734689280
711,380,668779399630725120
541,223,668655139528511488
906,548,668645506898350081
890,541,668643542311546881
1093,552,668641109086707712
1056,500,668636665813057536
2858,1688,668633411083464705
727,325,668631377374486528
323,118,668627278264475648
393,138,668625577880875008
1451,791,668623201287675904
205,44,668620235289837568
620,321,668614819948453888
1686,1101,668587383441514497
248,57,668567822092664832
526,232,668544745690562560
468,221,668542336805281792
254,77,668537837512433665
468,232,668528771708952576
330,111,668507509523615744
420,135,668496999348633600
433,241,668484198282485761
467,152,668480044826800133
892,526,668466899341221888
627,304,668297328638447616
248,32,668291999406125056
510,141,668286279830867968
835,235,668274247790391296
559,243,668268907921326080
1318,632,668256321989451776
1007,500,668248472370458624
6276,2905,668237644992782336
302,106,668226093875376128
515,203,668221241640230912
558,200,668204964695683073
661,200,668190681446379520
499,201,668171859951755264
504,323,668154635664932864
571,293,668142349051129856
672,248,668113020489474048
1279,807,667937095915278337
306,113,667924896115245057
210,57,667915453470232577
494,310,667911425562669056
857,381,667902449697558528
1906,1112,667886921285246976
825,498,667885044254572545
394,122,667878741721415682
631,414,667873844930215936
3025,1050,667866724293877760
244,78,667861340749471744
292,63,667832474953625600
1065,505,667806454573760512
330,97,667801013445750784
706,336,667793409583771648
411,247,667782464991965184
237,57,667773195014021121
443,220,667766675769573376
379,152,667728196545200128
486,324,667724302356258817
0,35,667550904950915073
0,33,667550882905632768
5833,2320,667549055577362432
337,126,667546741521195010
874,531,667544320556335104
205,66,667538891197542400
823,549,667534815156183040
472,242,667530908589760512
1709,1123,667524857454854144
368,193,667517642048163840
6816,2154,667509364010450944
537,222,667502640335572993
521,274,667495797102141441
534,232,667491009379606528
258,100,667470559035432960
192,60,667455448082227200
314,91,667453023279554560
785,587,667443425659232256
451,242,667437278097252352
305,84,667435689202614272
467,221,667405339315146752
197,58,667393430834667520
368,166,667369227918143488
496,244,667211855547486208
617,262,667200525029539841
386,109,667192066997374976
745,421,667188689915760640
14375,6256,667182792070062081
192,55,667177989038297088
611,464,667176164155375616
245,84,667174963120574464
221,91,667171260800061440
2694,1147,667165590075940865
257,62,667160273090932737
47850,17215,667152164079423490
4611,2225,667138269671505920
330,128,667119796878725120
333,129,667090893657276420
402,122,667073648344346624
82,14,667070482143944705
166,48,667065535570550784
217,55,667062181243039745
183,51,667044094246576128
444,225,667012601033924608
244,94,666996132027977728
2549,987,666983947667116034
818,554,666837028449972224
214,80,666835007768551424
254,97,666826780179869698
517,251,666817836334096384
239,94,666804364988780544
759,486,666786068205871104
387,195,666781792255496192
351,175,666776908487630848
236,66,666739327293083650
430,219,666701168228331520
186,47,666691418707132416
1116,624,666649482315059201
230,80,666644823164719104
517,208,666454714377183233
103,20,666447344410484738
124,48,666437273139982337
164,53,666435652385423360
312,195,666430724426358785
164,82,666428276349472768
313,111,666421158376562688
122,45,666418789513326592
437,323,666411507551481857
105,40,666407126856765440
164,84,666396247373291520
185,89,666373753744588802
762,562,666362758909284353
215,71,666353288456101888
288,132,666345417576210432
193,90,666337882303524864
491,346,666293911632134144
143,64,666287406224695296
171,76,666273097616637952
100,35,666268910803644416
14057,6416,666104133288665088
78,11,666102155909144576
151,66,666099513787052032
162,72,666094000022159362
114,44,666082916733198337
316,159,666073100786774016
142,59,666071193221509120
466,213,666063827256086533
109,57,666058600524156928
289,139,666057090499244032
427,236,666055525042405380
1204,834,666051853826850816
130,59,666050758794694657
106,42,666049248165822465
293,139,666044226329800704
123,43,666033412701032449
126,47,666029285002620928
2531,500,666020888022790149
